id,value
cloud,481
ibm,451
process,440
cmyk,272
obj,263
endobj,262
rgb,188
bluemix,187
connections,185
data,181
verse,176
connections verse,176
stream,165
endstream endobj,148
endstream,148
experience,142
ibm cloud,140
work,132
obj stream,125
platform,125
ibm connections,118
collaboration,117
tools,117
organization,111
ibm connections verse,110
team,108
use,107
environment,104
need,92
entire,92
customer,90
service,88
applications,87
operations,87
management,85
access,84
complete,83
infrastructure,81
right,80
develop,79
mobile,78
enable,77
security,76
email,74
analytics,74
support,72
application,71
teams,71
build,70
devops,69
storage,68
files,68
software,67
solutions,67
way,66
operational,66
entire organization,66
network,65
bring,64
private,64
public,61
time,61
customers,61
learn,58
servers,58
open,57
simple,57
performance,56
create,56
apps,55
employees,54
integrated,53
simplify,53
ensure,52
online,51
systems,51
manage,51
prioritize,50
content,50
provide,50
design,49
meetings,49
best,49
endobj obj,49
share,49
development,48
use ibm,48
grow,47
efficiency,47
faster,47
ibm bluemix,47
real,46
world,45
platform grow,44
customer service,44
connections verse bring,44
innovation,44
use ibm connections,44
simplify prioritize,44
protect,44
verse bring,44
integrate,44
prioritize team,44
control,44
calendars,44
prioritize team collaboration,44
javascript,44
team collaboration,44
adobe,44
critical,44
simplify prioritize team,44
accelerate,43
object,43
information,42
controls,42
practices,41
delivery,41
cost,41
insights,41
company,40
object storage,39
processes,39
events,39
virtual,39
leader,39
api,38
hybrid,38
power,37
success,37
obj endobj,37
leverage,37
uuid,36
built,36
lo,36
like,35
capabilities,35
dedicated,35
enterprise,35
marketing,35
private cloud,35
available,35
better,35
makes,34
resolve,34
solution,33
easily,33
leveraging,33
turn,33
ip,33
easy,33
digital,33
scale,32
