id,value
cloud,481
ibm,451
process,440
bluemix,187
connections,185
data,181
connections verse,176
verse,176
stream,165
experience,142
ibm cloud,140
obj stream,125
platform,125
ibm connections,118
collaboration,117
tools,117
organization,111
ibm connections verse,110
team,108
use,107
environment,104
entire,92
need,92
customer,90
service,88
applications,87
operations,87
management,85
access,84
complete,83
infrastructure,81
right,80
develop,79
mobile,78
enable,77
security,76
email,74
analytics,74
support,72
application,71
teams,71
build,70
devops,69
storage,68
files,68
software,67
solutions,67
operational,66
way,66
entire organization,66
network,65
bring,64
private,64
time,61
customers,61
public,61
servers,58
learn,58
open,57
simple,57
create,56
performance,56
apps,55
employees,54
simplify,53
integrated,53
ensure,52
systems,51
online,51
manage,51
content,50
provide,50
prioritize,50
endobj obj,49
design,49
share,49
best,49
meetings,49
use ibm,48
development,48
ibm bluemix,47
efficiency,47
faster,47
grow,47
real,46
world,45
simplify prioritize,44
critical,44
integrate,44
customer service,44
platform grow,44
innovation,44
connections verse bring,44
use ibm connections,44
team collaboration,44
verse bring,44
simplify prioritize team,44
prioritize team,44
calendars,44
javascript,44
prioritize team collaboration,44
protect,44
control,44
adobe,44
accelerate,43
controls,42
information,42
delivery,41
practices,41
cost,41
insights,41
company,40
virtual,39
events,39
processes,39
leader,39
object storage,39
api,38
hybrid,38
leverage,37
power,37
obj endobj,37
success,37
lo,36
uuid,36
built,36
dedicated,35
capabilities,35
private cloud,35
like,35
available,35
enterprise,35
better,35
marketing,35
resolve,34
makes,34
et,33
easy,33
digital,33
leveraging,33
ip,33
easily,33
turn,33
solution,33
improve,32
delivered,32
scale,32
increase,32
file,31
ensures,31
experts,31
